﻿<?xml version="1.0" encoding="utf-8"?>
<MakeParameters xmlns:xsd="http://www.w3.org/2001/XMLSchema" xmlns:xsi="http://www.w3.org/2001/XMLSchema-instance">
  <VersionInfo MajorVer="2" MinorVer="0" BuildVer="126" PrivateVer="0">
    <ProcessName>VTT.exe</ProcessName>
  </VersionInfo>
  <Timestamp>2022-03-19T17:01:18.1795818+01:00</Timestamp>
  <GlobalMakeStepList>
    <MakeStep FullName="Vector.VTT.Generator.GenerateVsProject" HashCode="0b497ce45dfcf5d00235b82039e5d3ce" Duration="3909">2022-03-19T17:01:17.3671096+01:00</MakeStep>
    <MakeStep FullName="Vector.VTT.Generator.GenerateSignalAndSysVarCsvFile" HashCode="a0e81ee3210a393288f11577c59b852a" Duration="1000">2022-03-19T17:01:17.6014807+01:00</MakeStep>
  </GlobalMakeStepList>
  <EcuInfoList>
    <EcuInfo>
      <EcuName>MyECU</EcuName>
      <MakeStepList>
        <MakeStep FullName="Vector.VTT.Generator.GenerateRteHooks" HashCode="7564f0c96322367c7e7932a1178171d5" Duration="1295">2022-03-19T17:01:13.3203517+01:00</MakeStep>
        <MakeStep FullName="Vector.VTT.Generator.PopulateSourceFiles" Duration="1000">2021-06-05T17:26:40.0763355+02:00</MakeStep>
      </MakeStepList>
    </EcuInfo>
  </EcuInfoList>
</MakeParameters>